sentence_0001.wav|Ennerwor mank däi fräej mäiden tüsken 't Braukmer- un 't Auerkerland wor man dat lûud
sentence_0002.wav|mootergedrüüs fan d' äiwiğ minskentrek hóóst näit meer ferdülden maut, ferburgen in dat hôoğ gres,
sentence_0003.wav|skuult fan däi machtiğ äiken boomen höör sâacht skaaren, ligt 'n lang sünnerliik pad, fergeeten
sentence_0004.wav|un skróó. 'T is disser stee wor 'k ins' miin êerst läieft fun, unner d'
sentence_0005.wav|glinsternd aangels fan 'n glaajend sömmerdag, un wor s' mii ook weer fergung wiilst ik
sentence_0006.wav|fersinken dee in d' däiept fan höör oogen un säi mii, ferstopt in unskülliğ kweedeläj,
sentence_0007.wav|höör forwal see. Nuu sünt disser tiiden al lâang fergóón un striikent mii bloot noch
sentence_0008.wav|of un an as spöykachtiğ slaajers, doch koom ik noch fóók bii disser stee, doo
sentence_0009.wav|mii däi Auerker droekt t' fööl word't un dat geproot fan siin inwooners t' lichtfalliğ.
sentence_0010.wav|Dor, in däi machtiğst tûun fan us land, wor däi föögels fräj in d' takken
sentence_0011.wav|rüsselnt, höör nüsten baauent un ferlóótent, däi wulken as 'n wiet wiisder däi blâau heemelssäj
sentence_0012.wav|beraajsent un dat gres gröyner let't as aarnds anners, dor leevt noch 'n wunnerliik spöyk,
sentence_0013.wav|wat mii al miin häiel leevend folgen dee, man sük bloot up disser stee wies
sentence_0014.wav|fööer mii fertöönen wul. Un up disser dag, fan däi 'k nuu fertellen wil, wees
sentence_0015.wav|häi sük fan näjs, disser oel fründ, doch näit in 't betoovernd gelóót fan 'n
sentence_0016.wav|mooj wicht as woleer, man as 'n oel skrumpeliğ keerl, däi d'r achter d' mäiden
sentence_0017.wav|in 'n lütje slood lağ t' duuseln. Eerst was ik däi man häil näit gewoer
sentence_0018.wav|worden. In 't denken ferlooren leep ik miin went pad as altiid, däi kwakkelk stäinen
sentence_0019.wav|unner miin fauten. Fööer twei dóóeğ was ik bii 't uphangen fan 'n kloek in
sentence_0020.wav|d' bóódkóómer fan 't gemak faalen un haar mii däi kop an d' gemaksbriel stöt't.
sentence_0021.wav|Siitdeem kul mii 't bräigen altiid, doo 'k man 'n setje in d' süen stun,
sentence_0022.wav|un ik was up d' söyek nóó d' skâar unner wat rubbiğ boomen düüdelk fan
sentence_0023.wav|miin n'rmóóel pad ofkoomen, doo 'k achter 'n lütje busk bii 'n slood t'móól 'n
sentence_0024.wav|machtiğ snurken fernam. "Wel is d'r?", reep 'k. Giin antern. "Ik heb Jau wol höört."
sentence_0025.wav|Doo röögdent sük däi blóóden un 'n oel keer kroop tau d' struuken uut, stiel
sentence_0026.wav|fööer sük hen fuuternd: "Düüvel, bliksem, wat faalt däi fent in us t' stöören. Wil
sentence_0027.wav|häi us noch âal um d' hals brengen!" Fut achteran folgde hum 'n tuustiğ hund,
sentence_0028.wav|'n lütje snaautser, däi mii mistrauiğ beoogen dee. Däi keerl stun umstóóndelk up, hul sük
sentence_0029.wav|d'r bii siin kruem rüeğ un stende almeeweğ, man kweem den mit 'n unferwacht't gaauiğkaid
sentence_0030.wav|up mii dóól. "Wat befaalt 't dii mii hir tau stöören!
sentence_0031.wav|Wäist näit, wat fandóóeğ föör 'n dağ is?", böelk häi mii an. "Dingsdag", see ik
sentence_0032.wav|ferwunnert. "Heb ik 't näit säegt!
sentence_0033.wav|Dingsdag.", wul däi keerl al anfangen, man besun sük doo mitäins: "Jäiget, dingsdağ säeğst duu?
sentence_0034.wav|Dat kan näit, fandóóeğ is söndağ!" "Nee, fandóóeğ is dingsdağ." Häi keek ferdattert föör sük
sentence_0035.wav|uut. "Nee, dat kan näit. Up dingsdağ eet ik altiid brummelbäjen un däi heb 'k
sentence_0036.wav|d'r fandóóge näit. Düs maut fandóóeğ söndağ weesen." Häi wees nóó 'n näit nóóder bestemt
sentence_0037.wav|stee dat lâang pad andóól. "Un was fandóóeğ dingsdag, den haar däi postkûuts d'r je
sentence_0038.wav|ook al west. Nee, dat kan näit. Bóós Beenengó let't sük näit an 't mûul
sentence_0039.wav|miigen. Häi dwingt däi tiid, näit annersum!" Ik leet hum siin woorden unkumtäärt döörgóón. Däi
sentence_0040.wav|keerl, Bóós Beenengó, soo as häi sük nöymde, was blaukbor näit meer häil up d'
sentence_0041.wav|höegt fan siin gäistelk fermöögen. "Hir kumt soowiisoo noojt 'n kûuts", see ik man bloot.
sentence_0042.wav|Dat haar 'k läiver näit dóón sult. "Wat sal dat häiten, 'noojt 'n kûuts', 'noojt
sentence_0043.wav|'n kûuts'. Fan sülst kumt hir 'n kûuts!
sentence_0044.wav|Woo söölent däi hôoğ heeren den anners nóó Auerk koomen, he?
sentence_0045.wav|Het häi d'r insent um docht. Fläigen köönent s' je wol näit. Fan sülst kumt
sentence_0046.wav|hir 'n kûuts, däi hanooversk postkûuts up d' dingsdağ teegen sünriisen. Un den bün 'k
sentence_0047.wav|d'r föör höör." In róóseräj ferdwoolen gung häi weeruem nóó siin busk, däi hund achtertau
sentence_0048.wav|as 'n stiel gefolg. Ik keek hum ferwunnert achternóó, wul däi oel wrantpot in siin
sentence_0049.wav|twiivelmaudiğ free lóóten un taugóón, man 't dürs näit lâang, doo wüpde siin spilliğ fiigüer
sentence_0050.wav|al weer tau d' buskóózje uut. Un dit móól hul häi wat in d' hâan.
sentence_0051.wav|'N geweer. Däiep rust umgreep däi lâang loop un däi holten skecht leet old un
sentence_0052.wav|möör. 'T leet as 'n muskêet. Worskiinelk is 't wies 'n muskêet, doch ik doo.
sentence_0053.wav|Häi wees mii 't wóópen. "Fan däi Fransken", ferkloer häi. "D'r mautent däi Hanooversken eerst
sentence_0054.wav|an belangs. Sööm pund, 69-keliiber, dat sal däi düütsk düüvels häil näit smóóken. Un eer
sentence_0055.wav|s' weeruem köönent, gaajt däi fâal achter höör diecht. Den kumt Klóósoom up höör dóól
sentence_0056.wav|un den het 't west mit däi fâajn heeren. Den köönent s' höör kaiser of
sentence_0057.wav|gróóf, of woo s' däi görtkop nöyment, 'n gâaud nacht wünskern!" Häi wees 'n bräid
sentence_0058.wav|laagen, man ferfung sük den in 'n dügtiğ hausten, däi 'n häil set anhul. Ik
sentence_0059.wav|keek hum man stum an. Wat däi keerl wul, haar 'k noch altiid näit recht
sentence_0060.wav|begreepen. Man mit däi tiid wur 't alweğ maaler. Doo häi sük bedort haar, wees
sentence_0061.wav|häi weer up siin muskêet. "Fan däi Fransken", heerhool häi. "Däi wullent an miin plóóets,
sentence_0062.wav|wullent s'. Man Bóós Beenengó let't sük näit döör Fransken kumdäären. Ferjagt heb 'k dat
sentence_0063.wav|halfmâal folk. Teegen förken kunnent s' ook näit an." Häi lâağ weer, man keek den
sentence_0064.wav|t'móól wat dröömeliğ fööer sük hen. "Spiitelkerwîis kweement s' lóóter noch insent. Doo mus 'k
sentence_0065.wav|uutnaajen un hebbent s' mii d' plóóets mit kâap un köögel ofbraant. Man dat het
sentence_0066.wav|weerd west, säeğ ik dii. 'N fräj fräisk buer let't sük näit f'r nâar bruuken!
sentence_0067.wav|Räecht Fräisen däinent giin heer!" Häi keek mii in 't gesiecht. "Man däi Franskman het
sentence_0068.wav|dii ook näit ferskoont, säi ik. Däi blaauels up diin kop hest dii doch wol
sentence_0069.wav|näit sülst biibrocht?" "doch, bün fan 't gemak faalen", see ik man un doo häi
sentence_0070.wav|mii fróógend ankeek: "Wul 'n kloek uphangen." "Wat büst duu den f'r 'n fiigöök, dat
sentence_0071.wav|duu 'n kloek booven diin gemak uphangen daajst?", frooğ h' laagend. "Büst ook man 'n
sentence_0072.wav|fröem apostel." Ik see niks. Soo sâacht haar 'k ook naug. Man däi keerl hul
sentence_0073.wav|näit up. "Gaf fan sülst ook wekker, däi 't âal uutsattent, netjes mitdaun hebbent as
sentence_0074.wav|döösiğ hauner!
sentence_0075.wav|As huen däi hauner weesen willent. Jóó, däient gift wol altiid!
sentence_0076.wav|Un upstünds arranzjäärent s' sük nuu mit höör näej heer, däi hanooversk dudkop." Häi keek
sentence_0077.wav|gnattiğ fööer sük hen. "Ferróóders sünt s'. Fertel mii ins': Woo kan äien fan höör
sentence_0078.wav|oojt fräj weesen, doo s' altiid man fan âals mit sük móóken lóótent, wat höör
sentence_0079.wav|säegt word't. Dat maust mii ins' fertellen." Nuu haar 'k t' fööl: "Höörent Jii móól.
sentence_0080.wav|D'r kooment giin Hanooversken!
sentence_0081.wav|Dat hir is 'n ol nor pad, däi fii'licht móól fan wat buren bruukt word't,
sentence_0082.wav|man wor anners noojt äien kumt. Ik wäit näit, wat Jii berekken willent, man hir
sentence_0083.wav|word't d'r niks fan!" Man häi grimlaagde bloot. "Nee, Bóós Beenengó let't sük näit f'r
sentence_0084.wav|nâar bruuken!
sentence_0085.wav|Kan näit angóón, dat 'n oostfräisk buer sük altiid up siin fauten trappeln let't!
sentence_0086.wav|Kan näit angóón, dat altiid man weer 'n anner dwingelant kumt, um us t' oovermestern!
sentence_0087.wav|Kan näit angóón, dat wii man däi spöölbâal fan däi grôot heeren höör mâal fantasiiden
sentence_0088.wav|sünt!
sentence_0089.wav|Ik sal hir stóón, bit däi Hanooversk d'r dood mank däi mäiden liegen daajt!
sentence_0090.wav|Of mii sal däi düüvel hóólen!" Häi ful weer in 'n luud laagen. "Un häilmóóls
sentence_0091.wav|alleniğ bün 'k je ook näit", mäien h' noch, "Klóósoom sal mii d' rüeğ freihollen."
sentence_0092.wav|Ik keek hum wat mitliidiğ an, däi keerl was wol al lâang in 't wiel.
sentence_0093.wav|"Ik maut nuu", see ik, "Fii'licht sügt man sük je móól weer." "Denk ik wol",
sentence_0094.wav|anter däi oel, man ik haar 't man läiver hat, doo 't näit soo koomen
sentence_0095.wav|haar. Sâacht ferdween dat läest biitje fan däi skuumiğ krôon in d' däiept fan unennelk
sentence_0096.wav|ferdooven. In däi bliivend gêel skiin flikkerdernt däi gräel böönlampen as lütje helfüren un mank
sentence_0097.wav|höör griiselk gläent keekent mii miin äigen oogen an mit 'n tsoord fan anwent möjiğkaid.
sentence_0098.wav|Man doo ik mii t'rüeglêen, deedent sük twei näej oogen in däi düüvelsdrank späigeln un
sentence_0099.wav|höör füriğkaid leet däi bestóónd gloer t' oovermestern. "Un wat móókst duu anners noch?", frooğ
sentence_0100.wav|dat wicht. "Of un an dau 'k skeitboorden." "Skeitboorden, interesant", mäien s' ferhöygt. "Dat móókt
sentence_0101.wav|'n fründ fan mii ook. Man säeğ näit, dat duu ook noch lid fan soo
sentence_0102.wav|'n skeitboord-geng büst." "Nee, dat nuu ook weer näit." "Wul 'k äinliik ook móól weer
sentence_0103.wav|daun", mäien s', "Man ik heb laider giin skeitboord meer." "Ik heb mîin d'r bii.
sentence_0104.wav|Kan 'k dii wol wiisen." "Jóó, köönent wii wol móól daun. Man nuu mut ik
sentence_0105.wav|weğ." "Wor den hen?", frooğ ik laagend. "Miin fründ kumt." Säi keek an mii f'rbii.
sentence_0106.wav|"D'r is häi ook al." 'N lütje bräied keerl kweem fan däi achter mii stóónd
sentence_0107.wav|biljerttóóvels nóó us tau. "Wollen wir Süße?" "Ja, bit den", see s' un ferdween in
sentence_0108.wav|'t dunker. Ik keek weer in miin glas. Âal oogen weerent nuu weğ un dat
sentence_0109.wav|griiselk füer ferbrâan elker sachtiğkaid. Nuu späigel 't sük in miin äigen säiel un róókde
sentence_0110.wav|mit âal siin hiets miin pukkernd haart. Un t'móól was ik näit meer möej. In
sentence_0111.wav|äin toğ drunk ik miin glas uut, bestäel mii den noch twei annernt un lösde
sentence_0112.wav|dissent binnen fiif menüüten. Doo gung 'k in buuten. Mank d' Auerker stad siin düüsterğ
sentence_0113.wav|loonen kroopent dunker fiigööken as müegen nóó 't lücht. Däi lateernen beseerdent miin oogen, dat
sentence_0114.wav|geraup fertêer mii fan binnen. As 'n ferdreeven slingerde ik däi noorder wâal anhoog, teegen
sentence_0115.wav|mii däi Äimsiger Stróóet, un fööer höör reesent grôot betongen denkmóólen däi ferteldent fan "dood"
sentence_0116.wav|un "noojt weer". Uut an 't waalpad krüüsend loonen glee flikkernd dook fan 't tsentrum
sentence_0117.wav|siin muulen nóó däi föörsteeden tau. Ik kweem bii d' busstóósje. Däi 550 stun as
sentence_0118.wav|'n kasteel fan beskóóven middent in 't niks. Fööer d' ingaang hung 'n rîiğ fan
sentence_0119.wav|jenkiis un friiks. Sünner d'r um t' denken kroop ik döör däi oopenstóónd achterdööer. Dat
sentence_0120.wav|fjöökel glee döör däi läecht stróóten tau d' stad uut un teegen us lağ däi
sentence_0121.wav|streevsk jöögd in lütje koppels up 't grund, däip fersunken in meerten fan höör äigen
sentence_0122.wav|koets. Ik keek döör däi fûul fensters, fan d' heemel skeen sülver móónlücht tau d'
sentence_0123.wav|kebîin in un däi steerns tinkeldent sâacht oover d' huusen, slooden un mäiden. Up d'
sentence_0124.wav|höegt fan Westerholt wur däi busforder gewoer, dat 'k duun was, achter Bliidstee murk häi,
sentence_0125.wav|dat 'k giin forkoert haar, un ennerwor fööer Gramsak smeet häi mii tau d' bus
sentence_0126.wav|uut. Nuu stun ik d'r häilundal alleniğ mit miin skeitboord unner d' aarms. Däi nacht
sentence_0127.wav|was waarm un ik dee mii in 'n drööeğ slood läegen un miin duuniğkaid uutslóópen.
sentence_0128.wav|Teegen 't griislecht wur 'k wóók. Däi süen rees achter d' mäiden un dreev mit
sentence_0129.wav|elker menüüet as 'n glennend lâamp meer wâarmt nóó mii tau. Achter d' ampel stun
sentence_0130.wav|bii d' bundsstróóet 'n Landrover. Ik sleek mii nóó hum tau, greep däi dööer fan
sentence_0131.wav|siin lóódflâakt un stäel mii up miin boord. Soo róósde ik döör d' landskup, däi
sentence_0132.wav|gräel süen t' möyet¬. Nóó 'n setje sağ ik in d' fêert 'n blaau lücht
sentence_0133.wav|blinkern. Ik leet 't aautoo lös un ruel mit miin läest swung nóó stróótskâant tau.
sentence_0134.wav|Bii 'n smóól pad stun 'n skendaarmsaautoo. Siin lüchten flikkerdent almeetau. Fan d' mäiden fernam
sentence_0135.wav|ik nuu geraup, man wat s' seedent kun 'k näit ferstóón. Weer up miin skeitboord
sentence_0136.wav|kweem ik dichter bii höör. Up 'n boom sittend, siin geweer up d' skood, däi
sentence_0137.wav|hund d'r teegen, sağ ik hum weer, däi oel Beenengó. Häi was näit altau feer
sentence_0138.wav|fan siin eerder stee ofkoomen, in d' fêert kun ik noch miin went wannerpad uutmóóken.
sentence_0139.wav|Unner hum stunnent twei skendaarms, äin fraauminsk un 'n keerl. Dat fraauminsk reep almeeweğ nóó
sentence_0140.wav|hum, wiilst däi man stum teegen höör stun. "Kooment S' man fan d' boom dóól.
sentence_0141.wav|Dat is läip geforelk föör Höör d'r booven t' bliiven." "Wat sal dat geraup, wel
sentence_0142.wav|sü' jii ooverhôop", dönner 't weeruem. "Wii sünt fan d' skendaarms. Wii hebbent höört, dat
sentence_0143.wav|Säi hir al langer in buuten oovernachten daunt un willent Höör helpen. Wat is Höör
sentence_0144.wav|nóóm?" "Bóós Beenengó bün 'k", böelk häi. Dat skendarmske sküdkopde man. "Skendaarms!", lâag Beenengó. "Skendaarms!
sentence_0145.wav|Jii sünt doch giin skendaarms!
sentence_0146.wav|Wor is den Jau peerd?" Däi frâau keek man beduust. "Peerd?
sentence_0147.wav|Worum peerd?" "Un wat hebbent Jii bloot an", lâağ häi weer, "Nee, mit skendaarms kan
sentence_0148.wav|man süks fiigööken as Jii 't sünt näit ferwesseln. 'N wiif un 'n köökeljâan sünner
sentence_0149.wav|peerd. Jii lóótent meer as paajassen!" "Was sagt der Mann da?", frooğ doo däi anner
sentence_0150.wav|skendaarm. Dat haar h' man näit dóón sult. As 'n wiel fuuter däi oel doo
sentence_0151.wav|fan siin tâak dóól. "Wat proot't diin kulóóntje nuu Düütsk?
sentence_0152.wav|Willent jii mii f'r nâar bruuken?" Un häi greep siin groot geweer, dat däi hund
sentence_0153.wav|achter hum bii d' prooteräj in 't bek noomen haar, um 't up siin fersîit
sentence_0154.wav|an t' läegen. Man däi leet 't rustiğ rörke wol näit föör ful t' neemen.
sentence_0155.wav|Beenengó drükde of un geböören dee . niks. "Düüvel!
sentence_0156.wav|Nuu wult duu ror Fransken-rêev noch näit móól meer!" Däi skendaarms wesseldent 'n róódlös blik.
sentence_0157.wav|"Kooment Säi nuu doch fan d' boom", fersöch 't dat fraauminsk fan näjs. "Noojt!", reep
sentence_0158.wav|däi oel, "Hóól dii däi düüvel, ferróóder!" Un as häi d'r bii wild mit siin
sentence_0159.wav|aarms in d' lücht geestikuläär, hoo d' skecht fan 't geweer dügtiğ up 't holt.
sentence_0160.wav|Doo ferfêer 'n lûud knâal upäins däi kemoodiğ selskup. Däi skendaarms skuuldent sük fut in
sentence_0161.wav|'t gres, doch bii d' oel was däi uutfoelğ wat rabjóóter. Swor un ferlaajt döör
sentence_0162.wav|'t almeeweğ ferkunsuumäären fan móóltiiden, däi wol näit bloot fan tee un oostfräisk swartbrood bestunnent,
sentence_0163.wav|gaf hum 't lot 'n machtiğ sküp nóó achter, däi häi näit meer ferknuusen kun,
sentence_0164.wav|un häi ful dóól in 't struukeräj as 'n sak tuffels. Unbeseert, as döör 'n
sentence_0165.wav|wunner, kweem häi weer ooveräien. "Sóótan, düüvel, bliksem!", reep häi un nâaj d'r fandöör, soo
sentence_0166.wav|gaud as h' kun, siin trâau färbäiner achter hum. Ik folgde döör däi mäiden, döör
sentence_0167.wav|drööeğ slooden un brûun busken, un haar miin mâajt d'r bii, höör näit t' ferläisen.
sentence_0168.wav|Minner un minner wurdent däi boomen, leeger un leeger dat gres, bräider un bräider däi
sentence_0169.wav|póóden. Un haarder dat dräigelk ruusen. Ook häi leet 't nuu t' höören. Of un
sentence_0170.wav|an hul häi in, keek um sük, man kun doch näit uutmóóken, wor 't weğ
sentence_0171.wav|kweem. Man ik wus 't. T'móól stunnent wii bii d' grôot stróóet. Häi fööer mii
sentence_0172.wav|un ik 'n meeter of hunnert achter hum. As 'n mistrauiğ hóón stapde häi up
sentence_0173.wav|däi asfalt, beprôov siin fastiğkaid f'rsichtiğ mit d' fauten un keek den däi lâang grîis
sentence_0174.wav|weğ hendóól. Bii lütjen kweem ik dichter bii däi oel, man ik trâau mii näit,
sentence_0175.wav|fööer hum t' treeden, un soo ferstopde ik mii achter 'n diek busk. Däi keerl
sentence_0176.wav|stun d'r man un stoer in d' fêert, däi skendaarms sullent hum wol ferlooren hebben,
sentence_0177.wav|meskiin haarent s' ook man däi lüst ferlooren, achter hum an t' sitten. Däi oel
sentence_0178.wav|was 't klorblikkelk ne'geliik. Achter hum flikker däi lücht, däi wâarmt rees tau d' slooden
sentence_0179.wav|un kolken uut, d'r was giin wóóter meer, wat höör köyliğkaid brocht hebben kun, un
sentence_0180.wav|soo dreev s' sünner rüst feerder döör däi landskup un wor s' kweem, broch s'
sentence_0181.wav|ook 't läest fjat un haiter leevend amäen däi dood. Doo hööer man achter 't
sentence_0182.wav|fliren t'móól dat ruusen weer, sâacht haarder wordend, un ook däi oel draaj sük dóódelk
sentence_0183.wav|um. In d' fêert blinker wat unner d' glinsternd süen, róósend kweem 't up us
sentence_0184.wav|dóól, däi man was raajn anfrooren. "Sóótan, düüvel!", hööer ik hum, "Wat hest duu us
sentence_0185.wav|nuu up d' eerden stürt?" Dichter un dichter jooğ däi wóógen, däi keerl leet häilundal
sentence_0186.wav|ferstiivt, siin blik stor nóó fööer. Doo 't man noch 'n meeter of hunnert fan
sentence_0187.wav|hum weğ was, begun 't aautoo, wild t' huupen. Fööer skrik wüpde däi oel biisiid,
sentence_0188.wav|net akróót in d' weğ fan 'n anner fan achter koomend fortüüg. Däi forder bräems,
sentence_0189.wav|man 't was tau lóót, däi wóógen róókde Beenengó bii d' siid, smeet hum fan
sentence_0190.wav|'t pad of in d' busken un flooğ den sülst slingernd up d' anner stróótskâant
sentence_0191.wav|in d' slood. Ik leep nóó hum tau, häi lağ up d' rüeg, blaud stroomde
sentence_0192.wav|hum tau 't bek uut. "Heb 'k doch säegt . dat wii us noch insent
sentence_0193.wav|weer säint", see häi, griiselk griinend. "Ik hóól hüelp!" Wat beeters wul mii näit infaalen.
sentence_0194.wav|Häi smüüsterlaagde man. "Lóót't 't man, dat daajt näit nood. Oojt mus däi düüvel mii
sentence_0195.wav|je hóólen." Ik wus näit, wat 'k antern sul. "Mağ wol beeter soo weesen", mäien
sentence_0196.wav|häi, "Soo säi ik miin lüü meskiin insent weer ." 'N heeviğ hausten fung hum,
sentence_0197.wav|blaud sprüets up 't gres un up miin kläär. "Doo in däi düüstiğ nacht, disser
sentence_0198.wav|bliksemsnacht. Ik ." Häi grimlaagde weer. "Ik kun höör gniren höören, höör reeren un skräiwen.
sentence_0199.wav|Un doch heb 'k niks dóón. Staarven haar 'k sult, up disser dag, man nuu
sentence_0200.wav|fin ik t'minst hir ennelk miin free. Hir in disser godferlóóten häel, of wat 't
sentence_0201.wav|ook is." Häi keek mii t'móól eernst in 't gesiecht. "Ferspööl diin leevend näit, kamróód!"
sentence_0202.wav|Doo weerent siin oogen lös, bloot dat skier heemelblaau späigel sük in höör flâau skiin.
sentence_0203.wav|Däi süen rees nóó höör hôogst pünt, däi mäiden braandent, âal 't leevend was fergóón
sentence_0204.wav|un mank d' walmen dwäilde ik nóó huus tau. Up d' freidagmörn tittelde 't Auerker
sentence_0205.wav|bladje up siin föörsiid fan "Staatsverweigerer greift Polizisten an und stirbt bei Verkehrsunfall". Ik ooverflooğ
sentence_0206.wav|däi artikkel, wat d'r stun wäit ik fandóóeğ näit meer. Man 't tittelbild hangt noch
sentence_0207.wav|altiid oover miin skriivtóóvel, ik säi hum nuu, doo ik disser woorden dóólskriiven dau. Äinliik
sentence_0208.wav|wist 't man 'n ferbuult aautoo in 'n slood un dat sal ook âals weesen,
sentence_0209.wav|wat däi mäiest lüü d'r fan mitneemen daunt. Man ik säi meer. Den ferstopt in
sentence_0210.wav|dat bild, achter 't fertäikent späigeln fan 'n brooken rûud kan man d'r däi sâacht
sentence_0211.wav|kuntüren fan 'n lütjet hundje uutmóóken, 'n tuustiğ snaautser, wóóker tau d' fenster uut kiikend.
sentence_0212.wav|Wor häi nuu wol is?
